Clean Acc Before,Clean Acc After
10.336538461538462,44.010416666666664
