Dataset,Before/After,Clean Acc,Untargeted ASR,Targeted ASR
ImageNette,before,10.987580128205128,90.00400641025641,99.98998397435898
CIFAR10,before,10.987580128205128,90.00400641025641,99.98998397435898
CIFAR10,after,73.34735576923077,,49.77
