Clean Acc Before,Clean Acc After
9.745592948717949,73.63782051282051
