Clean Acc,Untargeted ASR,Targeted ASR
11.157852564102564,90.00400641025641,99.96995192307692
