Clean Acc,Untargeted ASR,Targeted ASR
11.748798076923077,90.00400641025641,99.98998397435898
