Clean Acc Before,Clean Acc After
11.748798076923077,74.24879807692308
