Clean Acc Before,Clean Acc After
9.805689102564102,73.95833333333333
