Clean Acc Before,Clean Acc After
9.805689102564102,74.46915064102564
