Clean Acc,Untargeted ASR,Targeted ASR
86.83401639344262,90.06369426751593,99.89808917197452
