Clean Acc,Untargeted ASR,Targeted ASR
10.987580128205128,90.00400641025641,99.98998397435898
