Clean Acc Before,Clean Acc After
10.987580128205128,74.30889423076923
