Clean Acc,Untargeted ASR,Targeted ASR
9.745592948717949,89.84375,48.06690705128205
