Clean Acc Before,Clean Acc After
11.157852564102564,73.97836538461539
