Clean Acc,Untargeted ASR,Targeted ASR
9.805689102564102,91.5264423076923,0.020032051282051284
