Clean Acc Before,Clean Acc After
9.805689102564102,15.71514423076923
