Epoch,Clean Loss,Clean ACC,Targeted Loss,Targeted ASR
0,2.9450667462287803,15.71514423076923,5.530822087556888,2.9747596153846154
