Clean Acc Before,Clean Acc After
9.805689102564102,45.79326923076923
